age,sex,height,weight,bmp,fev1,rv,frc,tlc,pemax
7,0,109,13.1,68,32,258,183,137,95
7,1,112,12.9,65,19,449,245,134,85
8,0,124,14.1,64,22,441,268,147,100
8,1,125,16.2,67,41,234,146,124,85
8,0,127,21.5,93,52,202,131,104,95
9,0,130,17.5,68,44,308,155,118,80
11,1,139,30.7,89,28,305,179,119,65
12,1,150,28.4,69,18,369,198,103,110
12,0,146,25.1,67,24,312,194,128,70
13,1,155,31.5,68,23,413,225,136,95
13,0,156,39.9,89,39,206,142,95,110
14,1,153,42.1,90,26,253,191,121,90
14,0,160,45.6,93,45,174,139,108,100
15,1,158,51.2,93,45,158,124,90,80
16,1,160,35.9,66,31,302,133,101,134
17,1,153,34.8,70,29,204,118,120,134
17,0,174,44.7,70,49,187,104,103,165
17,1,176,60.1,92,29,188,129,130,120
17,0,171,42.6,69,38,172,130,103,130
19,1,156,37.2,72,21,216,119,81,85
19,0,174,54.6,86,37,184,118,101,85
20,0,178,64,86,34,225,148,135,160
23,0,180,73.8,97,57,171,108,98,165
23,0,175,51.1,71,33,224,131,113,95
23,0,179,71.5,95,52,225,127,101,195